perftest203,Password203
perftest204,Password204
perftest205,Password205
perftest206,Password206
perftest207,Password207
perftest208,Password208
perftest209,Password209
perftest210,Password210
perftest211,Password211
perftest212,Password212
perftest213,Password213
perftest214,Password214
perftest215,Password215
perftest216,Password216
perftest217,Password217
perftest218,Password218
perftest219,Password219
perftest220,Password220
perftest221,Password221
perftest222,Password222
perftest223,Password223
perftest224,Password224
perftest225,Password225
perftest226,Password226
perftest227,Password227
perftest228,Password228
perftest229,Password229
perftest230,Password230
perftest231,Password231
perftest232,Password232
perftest233,Password233
perftest234,Password234
perftest235,Password235
perftest236,Password236
perftest237,Password237
perftest238,Password238
perftest239,Password239
perftest240,Password240
perftest241,Password241
perftest242,Password242
perftest243,Password243
perftest244,Password244
perftest245,Password245
perftest246,Password246
perftest247,Password247
perftest248,Password248
perftest249,Password249
perftest250,Password250
perftest251,Password251
perftest252,Password252
perftest253,Password253
perftest254,Password254
perftest255,Password255
perftest256,Password256
perftest257,Password257
perftest258,Password258
perftest259,Password259
perftest260,Password260
perftest261,Password261
perftest262,Password262
perftest263,Password263
perftest264,Password264
perftest265,Password265
perftest266,Password266
perftest267,Password267
perftest268,Password268
perftest269,Password269
perftest270,Password270
perftest271,Password271
perftest272,Password272
perftest273,Password273
perftest274,Password274
perftest275,Password275
perftest276,Password276
perftest277,Password277
perftest278,Password278
perftest279,Password279
perftest280,Password280
perftest281,Password281
perftest282,Password282
perftest283,Password283
perftest284,Password284
perftest285,Password285
perftest286,Password286
perftest287,Password287
perftest288,Password288
perftest289,Password289
perftest290,Password290
perftest291,Password291
perftest292,Password292
perftest293,Password293
perftest294,Password294
perftest295,Password295
perftest296,Password296
perftest297,Password297
perftest298,Password298
perftest299,Password299
perftest300,Password300
perftest301,Password301